<?xml version="1.0" encoding="UTF-8"?>
<project-private xmlns="http://www.netbeans.org/ns/project-private/1">
    <editor-bookmarks xmlns="http://www.netbeans.org/ns/editor-bookmarks/2" lastBookmarkId="0"/>
    <open-files xmlns="http://www.netbeans.org/ns/projectui-open-files/2">
        <group>
            <file>file:/C:/Users/Rasel/Documents/NetBeansProjects/Library-Management-System/Library-Management-System/src/library/management/system/IssueBook.java</file>
            <file>file:/C:/Users/Rasel/Documents/NetBeansProjects/Library-Management-System/Library-Management-System/src/library/management/system/AddBook.java</file>
            <file>file:/C:/Users/Rasel/Documents/NetBeansProjects/Library-Management-System/Library-Management-System/src/library/management/system/conn.java</file>
            <file>file:/C:/Users/Rasel/Documents/NetBeansProjects/Library-Management-System/Library-Management-System/src/library/management/system/BookDetails.java</file>
            <file>file:/C:/Users/Rasel/Documents/NetBeansProjects/Library-Management-System/Library-Management-System/src/library/management/system/StudentDetails.java</file>
            <file>file:/C:/Users/Rasel/Documents/NetBeansProjects/Library-Management-System/Library-Management-System/src/library/management/system/Forgot.java</file>
            <file>file:/C:/Users/Rasel/Documents/NetBeansProjects/Library-Management-System/Library-Management-System/src/library/management/system/AddStudent.java</file>
            <file>file:/C:/Users/Rasel/Documents/NetBeansProjects/Library-Management-System/Library-Management-System/src/library/management/system/Home.java</file>
        </group>
    </open-files>
</project-private>
